3.197386523729151,2.531759769720901,0.4309244796568154
3.206081438867099,2.5284293898406194,0.30065284401810827
3.2151286257931124,2.5262262858886015,0.17707437707143422
3.2243757837600198,2.5251283710747123,0.059279103172400344
3.2336884030513073,2.5250948730495417,-0.05208501960704462
3.2429508035339007,2.526066516056994,-0.15695414739765928
3.252067880599235,2.52797054719927,-0.2548120794691122
3.2609647317396706,2.5307275967636755,-0.3461994379259982
3.2695846347181634,2.5342575748324636,-0.4311641765503549
3.2778876790009726,2.5384801848424603,-0.5097827373138173
3.2858500329478413,2.543315388983093,-0.5816958089947815
3.293461037893391,2.5486872550839172,-0.6475234591988048
3.3007211347631027,2.5545251593954723,-0.7069585430724569
3.3076398179367703,2.5607642833117255,-0.7606357835909868
3.314233817425191,2.567345957099377,-0.8082895652409553
3.3203651120048594,2.5743578667679228,-0.8963098822477642
3.325855214009808,2.5818823650283753,-0.9846096813560778
3.3306589638798485,2.589862517383761,-1.0732609177302046
3.3347365523282244,2.5982369953713604,-1.1620955069703067
3.3380542222368863,2.60694052445245,-1.251129942948258
3.3405840442986117,2.6159047934497655,-1.3403457499728513
3.342305475039725,2.625058748704057,-1.4294822522914241
3.3432059388911326,2.634329541032589,-1.5184596187610468
3.3432793211148373,2.6436436764622018,-1.6073761874035255
3.3425293005482217,2.6529279142136786,-1.6954349475577029
3.340969391769671,2.662110904597108,-1.7826840905171022
3.3386207656003357,2.671124568070274,-1.8686990243980859
3.335512864486758,2.6799055094164967,-1.9532495560033498
3.331681767094089,2.6883960190455722,-2.0360810154487043
3.3271693808396017,2.69654505513096,-2.1169203359663307
3.3220233891377653,2.7043097245859933,-2.1952369481935787
3.316295948239391,2.711656212369044,-2.270730961387722
3.3100422882083014,2.7185605454089714,-2.3428369599893095
3.3033166119987953,2.72500618713735,-2.4120674770093373
3.296174672099388,2.7309876710251824,-2.4767153353454714
3.2886729157256025,2.7365115276544874,-2.5370651946333993
3.2808630750731487,2.7415908554467223,-2.5928420390058653
3.2727932545516594,2.7462464868894925,-2.64379299123271
3.2645073651450627,2.7505061211004787,-2.689691584515723
3.256045478033119,2.75440489101391,-2.729987251714078
3.247442249084872,2.7579813623118143,-2.765242108124633
3.2387266374997057,2.7612748780641825,-2.795344645474286
3.229924305028019,2.7643294318807636,-2.8198119331486415
3.221057308167654,2.7671911426354527,-2.83900533755267
3.2121440996863724,2.7699057332226573,-2.8529132686006333
3.2032008066570867,2.7725196682455833,-2.861555707673499
3.1942418778719937,2.775079589514604,-2.8649833624933407
3.185279569807049,2.777627670473535,-2.8641987156803705
3.176325776752666,2.7802054658894875,-2.858348432543522
3.167393138595735,2.7828555399703436,-2.8480331358625963
3.1584943159891647,2.7856168965798855,-2.833382831192435
3.149643031817548,2.788526860009418,-2.8145415215825116
3.1408536688036213,2.791618648796057,-2.79215141549759
3.1321413909239446,2.7949212370105143,-2.766360653612536
3.1235238730194945,2.7984635187850078,-2.7368229295626105
3.1150206397208047,2.802271801427745,-2.7042118108142112
3.106652123427547,2.8063674689570055,-2.668687783789717
3.0984404644041375,2.8107690306738125,-2.6304139391333696
3.0904094075233997,2.815491925489477,-2.589555681281354
3.0825841399454292,2.820548339875094,-2.5462804873506735
3.0749910730541155,2.8259470462549894,-2.5007576981788984
3.067654539127721,2.831689456798677,-2.4542042169072245
3.0606023963412303,2.8377775768074898,-2.404650448219197
3.0538660930826333,2.844213326869833,-2.353365595073537
3.0474738728944772,2.850990863997256,-2.300524653564075
3.041453482005753,2.8581006680084564,-2.2463034110510676
3.0358317545342164,2.865529641347151,-2.190878150662834
3.0306341983715313,2.8732612675034113,-2.134425311132448
3.0258845930089007,2.8812758280941413,-2.0771210989672344
3.021604610465769,2.8895506766392995,-2.0191410521648643
3.0178134699744277,2.8980605650278806,-1.9606595568801435
3.014527636143476,2.906778016705571,-1.9018493205540603
3.011760568993525,2.915673738838729,-1.842880806979439
3.0095225325760198,2.9247170642143527,-1.7839216405321778
3.0078204669215136,2.933876412506435,-1.7251359882827835
3.006611884010142,2.943114269349129,-1.6766376563623566
3.0058340340099163,2.9523984658762825,-1.6321288821792832
3.005446401425182,2.961707288592329,-1.592698521224218
3.0054011875061297,2.971024221082618,-1.558599808384812
3.0056359912349455,2.980338492829998,-1.5325854670930323
3.0060830546562456,2.989645105959926,-1.5130066299839566
3.006667516384012,2.9989442120424123,-1.5030483767815357
3.0073021072859216,3.008240070063416,-1.5022238070311473
3.0079026680105048,3.0175381630804954,-1.5103687036316855
3.00839304254792,3.0268426496922216,-1.5259153412761894
3.0087086547694017,3.0361546083381676,-1.5479168199143354
3.0087937978382793,3.045471419678295,-1.5753990444071648
3.0086017550784385,3.0547865358132706,-1.6074202683101477
3.008091552512047,3.064089537100493,-1.6437481994233165
3.007226460229044,3.0733661575879268,-1.6838168189466602
3.0059742401198983,3.082598377745783,-1.727402140363295
3.0043059013894027,3.0917644259315695,-1.7742744148695808
3.0021974077969196,3.1008392328243612,-1.823908676938081
2.999633803834909,3.109796050302135,-1.8752148924127128
2.9965998283918576,3.1186045192575094,-1.9298010573869753
2.9930794038185664,3.127229992718438,-1.9868040591588987
2.98906525950324,3.1356369671446647,-2.045724835752754
2.984556091230334,3.1437890525802485,-2.106355016047646
2.979555389271684,3.1516491253049312,-2.168485518891369
2.974070576908988,3.1591792782563557,-2.232147300157722
2.968114874990059,3.1663427422930464,-2.2966374242320455
2.9617062211942966,3.173103934822659,-2.362227079658031
2.954865504233352,3.17942756789064,-2.428679747855278
2.9476187616375533,3.185281460693457,-2.495551926045559
2.939995946801357,3.1906364236851505,-2.562841006288064
2.9320298778421106,3.1954659678122694,-2.6303183820424274
2.9237567686730146,3.199748330938019,-2.697571909778385
2.915215173686771,3.203466454796232,-2.7644949963468264
2.906446166009268,3.2066111521937666,-2.8300324855248036
2.8974919975632205,3.2091819443277254,-2.89398178391766
2.8883935376878602,3.21118338324647,-2.9561495133818756
2.8791896280193976,3.21262474192025,-3.0163534254560718
2.869916521845917,3.213519613336978,-3.0744240822152715
2.860607421525198,3.213885439447464,-3.130206272047291
2.851292122106939,3.2137429922715794,-3.183560140019206
2.841996763911707,3.2131158295181046,-3.2343620238434028
2.8327436918643203,3.2120297458191174,-3.2825049972851654
2.8235514151510763,3.21051223837926,-3.3278991325982705
2.814434657457572,3.208592002790074,-3.370471501793897
2.8054044857308105,3.2062984712750175,-3.4101659429630855
2.7964685040844275,3.2036614020099137,-3.4469426223656887
2.7876310990409516,3.2007105246624943,-3.4807774255952832
2.7788937226385633,3.197475244111936,-3.511661211974014
2.7702552008509462,3.1939844015800545,-3.539598965653732
2.7617120560991815,3.190266090204236,-3.5646088749822487
2.753258834205446,3.186347520428896,-3.5867213688396866
2.744888427802528,3.1822549294659406,-3.605978135158767
2.736592389852381,3.1780135284240716,-3.622431142989675
2.7283612324534507,3.1736474804627424,-3.6361416854933246
2.7201847074724976,3.16917990341202,-3.6471794573416307
2.7120520666905072,3.164632890637659,-3.655621676319891
2.7039523000941714,3.160027544449971,-3.661552255571999
2.6958743516808816,3.155384016993242,-3.6650610299730007
2.6878073126943716,3.150721554257659,-3.6662430375923445
2.6797405925954254,3.146058539586818,-3.665197855135976
2.6716640683263133,3.141412533779624,-3.6620289846175504
2.6635682125785074,3.136800309583072,-3.656843287285544
2.655444201849086,3.132237879026284,-3.649750459991576
2.6472840050977107,3.127740512645996,-3.6408625486876423
2.639080453815148,3.1233227501930374,-3.6302934935449502
2.630827294304043,3.1189984028846176,-3.6181587002523914
2.622519222966764,3.1147805476766375,-3.6045746323364156
2.6141519054033497,3.110681514373095,-3.589658419805307
2.605721980150618,3.106712866666083,-3.5735274800203283
2.597227047943681,3.1028853784105657,-3.556299147396536
2.588665647452561,3.099209006584266,-3.538090309301913
2.580037218535981,3.0956928624665494,-3.519017046321738
2.5713420541563283,3.092345182593763,-3.4991942758550967
2.5625812422074348,3.089173301015785,-3.4787353987841594
2.553756598612577,3.0861836242942178,-3.457751949679267
2.5448705931462157,3.083381610552659,-3.4363532516523723
2.5359262695118807,3.080771753720688,-3.4146460775300342
2.526927161263807,3.0783575739136726,-3.3927343194711774
2.517877205185973,3.0761416146688427,-3.3707186694947198
2.5087806537354833,3.0741254475235817,-3.3486963136029657
2.4996419881157523,3.072309684183724,-3.326760642287925
2.49046583346872,3.0706939962968955,-3.3050009801933107
2.481256877566061,3.0692771426268126,-3.2835023375828025
2.4720197942404902,3.068057003226275,-3.2623451860465864
2.4627591726346103,3.0670306200352573,-3.241605260577495
2.453479453162053,3.0661942431903952,-3.2213533897815423
2.444184870880509,3.065543382226012,-3.201655355572933
2.434879406775237,3.065072861275683,-3.1825717832587928
2.425566747251469,3.0647768773466346,-3.1641580624615804
2.416250251940882,3.064649060735067,-3.1464642988740916
2.406932929746398,3.0646825366755825,-3.129535296408048
2.397617422885443,3.06486998736825,-3.1134105688952394
2.388305998547863,3.0652037135976915,-3.0981243801403853
2.3790005476632023,3.065675695244954,-3.0837058108148008
2.369702590174244,3.066277650089741,-3.0701788504246093
2.360413286139733,3.0670010904029765,-3.057562512388858
2.3511334519384346,3.0678373769332143,-3.0458709701214786
2.341863580817665,3.0687777699911605,-3.035113711924435
2.3326038670202838,3.069813477431361,-3.0252957124637763
2.323354232732488,3.0709356994163404,-3.016417618610509
2.3141143571180978,3.072135669924371,-3.008475947478093
2.304883706740733,3.0734046950264595,-3.001463294571287
2.295661566720834,3.0747341880105674,-2.9953685500701503
2.2864470720273955,3.076115701471542,-2.990177121401402
2.277239238362412,3.077540956514271,-2.9858711603906314
2.2680369921573797,3.0790018692359973,-2.982429793437073
2.2588391992640777,3.0804905746627336,-2.979829353302561
2.249644691984844,3.0819994483155453,-2.978043611253391
2.2404522941495344,3.0835211255766257,-2.97704400843447
2.2312608440063357,3.085048519013931,-2.9767998854864888
2.222069214750948,3.086574833808193,-2.9772787095369253
2.212876332572761,3.088093581408571,-2.9784462978031634
2.203681192147206,3.089598591524558,-2.9802670371403326
2.1944828695501073,3.091084022542685,-2.9827040989476954
2.1852805326125058,3.0925443704384814,-2.9857196489159668
2.176073448772877,3.0939744762374386,-2.9892750511548973
2.166860990517891,3.0953695320641557,-2.9933310662869395
2.157642638532846,3.096725085806859,-2.9978480431303782
2.1484179827086027,3.0980370444152427,-3.0027861036255103
2.1391867211733477,3.099301675843317,-3.008105320681961
2.1299486575348006,3.1005156096455577,-3.0137658886456697
2.1207036965316792,3.1016758362340555,-3.01972828610198
2.1114518383024343,3.1027797048063173,-3.025953430748072
2.1021931714845987,3.103824919957571,-3.032402826084895
2.0929278653597323,3.1048095369974824,-3.03903869969685
2.0836561612570934,3.1057319559987713,-3.0458241329075544
2.074378363424075,3.1065909146137844,-3.0527231816226696
2.0650948295633764,3.1073854797043428,-3.059700988196393
2.0558059612261657,3.1081150378396147,-3.0667238841869278
2.0465121942374496,3.108779284726066,-3.0737594838980393
2.0372139893148837,3.109378213642308,-3.080776768638427
2.0279118230256987,3.109912102959651,-3.0877461616677513
2.0186061792086867,3.110381502836099,-3.0946395938372624
2.0092975409696603,3.110787221177212,-3.101430559973462
1.9999863833398792,3.111130308961622,-3.1080941660945176
1.9906731666679682,3.111412045031874,-3.1146071675905107
1.9813583307971954,3.1116339204527588,-3.120947998539405
1.9720422900619519,3.111797622539327,-3.127096792370198
1.9627254291201477,3.1119050186554995,-3.133035394122486
1.9534080996222603,3.1119581398816663,-3.1387473645870707
1.9440906177031438,3.1119591646460405,-3.1442179766448106
1.9347732622695804,3.1119104024099817,-3.149434204150303
1.9254562740450443,3.1118142774921695,-3.1543847037328474
1.9161398553233355,3.1116733131105754,-3.1590597899093504
1.9068241703746367,3.111490115714826,-3.163451403922218
1.8975093464411652,3.1112673596749127,-3.1675530767298508
1.8881954752548848,3.1110077723854643,-3.171359886588182
1.8788826150066458,3.110714119838072,-3.174868411668837
1.8695707926945357,3.110389192707567,-3.1780766781632077
1.8602600067790522,3.1100357929917943,-3.1809841043221763
1.8509502300738028,3.109656721238382,-3.18359144087869
1.841641412802678,3.1092547643863204,-3.1859007082951782
1.8323334857576712,3.1088326842449066,-3.1879151312701524
1.823026363495592,3.1083932066277473,-3.189639070928606
1.8137199475166816,3.107939011155115,-3.191077955109303
1.804414129373449,3.10747272173393,-3.192238207148979
1.7951087936637644,3.1069968977210847,-3.1931271735491706
1.7858038208682232,3.1065140257725776,-3.193753050896083
1.776499089997925,3.106026512378058,-3.19412481238779
1.7671944810249602,3.1055366770778505,-3.1942521343063826
1.757889877073974,3.1050467463570897,-3.194145322755575
1.7485851663590752,3.104558848209731,-3.1938152409668543
1.7392802438560038,3.1040750073630505,-3.193273237459761
1.729975012704787,3.103597141151706,-3.192531075324217
1.720669385343054,3.1031270560287183,-3.1916008628752364
1.7113632843746658,3.1026664446992314,-3.19049498591282
1.7020566431823678,3.1022168838614617,-3.1892260418023746
1.6927494062966901,3.1017798325379156,-3.187806775573725
1.6834415295363625,3.1013566309785583,-3.186250018219671
1.674132979938015,3.1009485001164325,-3.1845686273580687
1.664823735494932,3.100556541554929,-3.182775430404705
1.6555137847261319,3.100181738064806,-3.1808831703876717
1.646203126098042,3.0998249545679037,-3.1789044545176592
1.6368917673216052,3.099486939583479,-3.1768517056125196
1.6275797245477621,3.0991683271121166,-3.1747371164586444
1.6182670214839885,3.0988696389312995,-3.1725726071761993
1.6089536884539277,3.09859128727594,-3.1703697856400517
1.5996397614212126,3.098333577876514,-3.1681399109933777
1.5903252809973447,3.098096713326888,-3.1658938602764692
1.581010291452048,3.097880796753521,-3.163642098179204
1.5716948397428685,3.0976858357574217,-3.161394649912062
1.56237897457901,3.0975117466001247,-3.1591610771774685
1.5530627455325132,3.097358358604925,-3.156950457210712
1.5437462022079378,3.097225418744763,-3.1547713648477185
1.534429393479741,3.097112596388432,-3.152631857565618
1.5251123668045983,3.09701948817721,-3.150539463431376
1.5157951676139945,3.0969456230045447,-3.148501171883765
1.5064778387905922,3.096890467072126,-3.146523427264686
1.4971604202301405,3.0968534289964467,-3.144612125007354
1.487842948489081,3.096833864940863,-3.1427726103810736
1.478525456516525,3.0968310837491524,-3.141009679685401
1.4692079734679568,3.0968443520576345,-3.1393275837802466
1.4598905245968503,3.096872899364076,-3.137730033833164
1.4505731312193844,3.0969159230327987,-3.13622020916032
1.4412558107466207,3.09697259321666,-3.1348007670339495
1.4319385767778396,3.097042057677867,-3.133473854325934
1.422621439248238,3.0971234464909116,-3.1322411208548195
1.413304404623853,3.0972158766122053,-3.131103734302017
1.4039874761363942,3.0973184563023786,-3.130062396561967
1.3946706540506162,3.097430289388509,-3.129117361390833
1.3853539359569544,3.097550479354876,-3.128268453218648
1.3760373170823408,3.097678133252135,-3.1275150869908313
1.3667207906124272,3.0978123654161163,-3.1268562889065223
1.357404348018831,3.09795230098867,-3.1262907179232675
1.3480879793854872,3.0980970792342184,-3.125816687900124
1.3387716737287203,3.0982458566469084,-3.125432190254275
1.329455419306214,3.0983978098442684,-3.1251349170096723
1.3201392039106712,3.0985521382445853,-3.1249222841199824
1.3108230151445717,3.098708066526058,-3.1247914549522986
1.30150684067307,3.0988648468669737,-3.1247393638224628
1.2921906684526983,3.099021760967048,-3.124762739477579
1.2828744869341515,3.099178121851068,-3.124858128426226
1.2735582852380185,3.0993332754564733,-3.125021918022045
1.2642420533028753,3.0994866020081986,-3.1252503592115386
1.2549257820056794,3.099637517183801,-3.1255395888626096
1.2456094632548707,3.0997854730735206,-3.1258856515956723
1.2362930900570124,3.099929958939992,-3.1262845210449774
1.2269766565581814,3.1000705017833674,-3.1267321204833527
1.217660158061635,3.100206666717945,-3.1272243427493724
1.2083435910235512,3.1003380571670007,-3.1277570694216235
1.1990269530288533,3.100464314883048,-3.128326189190465
1.1897102427492914,3.1005851198011047,-3.1289276153833283
1.1803934598860606,3.100700189732965,-3.129557302605202
1.1710766050993051,3.100809279910843,-3.1302112624614447
1.1617596799268686,3.1009121823889547,-3.130885578335508
1.152442629045439,3.1010028589472576,-3.132835695274925
1.1431253705073599,3.1010683892183697,-3.136283416281278
1.1338079227092837,3.1010942180118843,-3.1413577273216524
1.1244904943586143,3.101064583183733,-3.148188718813251
1.115173603274407,3.1009613988936175,-3.157145623018513
1.1058582190132624,3.1007653601251977,-3.16812272235007
1.0965459377042517,3.1004558344343236,-3.1815149972409364
1.0872396221380045,3.1000020331853047,-3.1991185588808806
1.0779430458692993,3.0993800485734377,-3.2176770211592602
1.0686606522799025,3.098574041547415,-3.2387374068363344
1.059398813528196,3.097559216745618,-3.2627182904031273
1.0501659023335619,3.0963087098615847,-3.2897089673364026
1.0409722175385543,3.0947969374735704,-3.319431296691235
1.031830062717719,3.0929999800462955,-3.3519202249853906
1.0227540885625186,3.0908944199941746,-3.3871854348113657
1.0137614227079026,3.0884577853314155,-3.425208905502052
1.004871734757321,3.0856690344785855,-3.4659432851038874
0.9961066406297598,3.082510643848113,-3.508950377785119
0.9874893851527664,3.078968918687408,-3.5541475564351384
0.9790451234001192,3.0750326824241045,-3.601432397760428
0.9708006827185017,3.070693634479785,-3.6506838131007417
0.9627842547721177,3.0659466675256977,-3.701763618462494
0.9550241300327683,3.0607914489595847,-3.7541763799659993
0.9475490551164066,3.0552310633546607,-3.8081246856278255
0.9403877933223503,3.0492720241035514,-3.8631058524914126
0.933568678411644,3.0429243848890075,-3.9192902813135606
0.92711916440946,3.0362015845416885,-3.9761794521653075
0.9210653509281623,3.029120418219997,-4.033914416048113
0.9154304808046729,3.021701539846843,-4.091717009998743
0.9102355793458858,3.013968229292468,-4.150024858635953
0.9055013993160239,3.005944615786204,-4.2086390157864235
0.9012447609011704,2.9976577593832254,-4.267105110317533
0.8974783023002086,2.9891369020922767,-4.32526330483544
0.8942114565525949,2.9804122629925724,-4.382957045817625
0.8914503714652038,2.9715145930843243,-4.440033907636884
0.8891989204284694,2.9624744862813954,-4.496572770594225
0.8874576728208003,2.953322362500948,-4.552186917938922
0.8862229414245006,2.9440882087159426,-4.606740883457466
0.8854889596637039,2.9348007869982133,-4.660305596917788
0.8852470943199615,2.9254874928762975,-4.712544230078608
0.8854851527254608,2.916174043095061,-4.763344025211522
0.8861847442324235,2.9068837630687083,-4.8117574157504714
0.8873211917501034,2.897636656597522,-4.85758942703908
0.8888678871187916,2.8884491683682025,-4.9007567988464205
0.8907971892164798,2.879334254658108,-4.941192545892791
0.8930808378916579,2.870301515366079,-4.978845680871925
0.8956903208877574,2.8613573828415495,-5.013680757536084
0.8985971897531686,2.8525053551712403,-5.045677264126861
0.9017733234660591,2.8437462619781977,-5.074828897890018
0.9051911408281357,2.835078551665085,-5.1011427505727145
0.9088237645412109,2.826498590240415,-5.12463843291749
0.9126451412636707,2.8180009632610075,-5.14534716350473
0.9166301228734056,2.809578773884143,-5.163310844112382
0.9207545146858493,2.8012239314510756,-5.178581140293992
0.9249950965508873,2.7929274263481663,-5.191218582326706
0.9293296226467779,2.7846795880663593,-5.201291698215321
0.9337368054685371,2.7764703243791646,-5.208876187183482
0.9381962890331648,2.7682893403768527,-5.214054139129247
0.9426886157477092,2.7601263367368727,-5.216913302927233
0.9471951907527263,2.7519711870936847,-5.217546404254062
0.9516982468985091,2.7438140947172673,-5.216050511806047
0.9561808128616982,2.7356457289433216,-5.212526449359905
0.9606266862853778,2.7274573419449997,-5.207078250077716
0.9650204132407629,2.719240866519891,-5.199812648747793
0.9693472747725049,2.710988995608714,-5.19083860724904
0.9735932808086704,2.7026952442821557,-5.180266868390927
0.9777451712943052,2.6943539949445805,-5.168209533376115
0.9817904240461949,2.6859605265191537,-5.1547796584199315
0.9857172685268557,2.677511028406019,-5.140090866502988
0.9895147044979483,2.669002600047858,-5.124256970794306
0.9931725243365378,2.6604332369967585,-5.107391606928054
0.9966813376805318,2.651801804451508,-5.089607872014999
1.000032597010105,2.6431079993217885,-5.071017968989812
1.0032186227669708,2.6343523019701975,-5.051732855609604
1.0062326266590513,2.6255359188784273,-5.031861898102284
1.009068731889484,2.616660717573651,-5.011512530093521
1.0117219891800115,2.607729155228482,-4.990789917999243
1.0141883876227562,2.598744202406631,-4.96979663454177
1.0164648595834958,2.589709263461292,-4.948632342420426
1.0185492790856594,2.580628095100289,-4.927393490434836
1.0204404533188831,2.571504724608574,-4.906173024517914
1.022138107130771,2.5623433691638366,-4.885060116187047
1.023642860567577,2.553148357595467,-4.864139910870947
1.024956199721708,2.5439240558231377,-4.843493298424545
1.0260804413151545,2.5346747970724475,-4.823196707916418
1.0270186915933714,2.525404817806084,-4.803321928476247
1.0277748002203875,2.5161182001352693,-4.783935957638825
1.0283533099511142,2.50681882129378,-4.765100878232442
1.028759402910561,2.497510310571572,-4.746873764449125
1.0289988443328917,2.4881960139227184,-4.729306617317979
1.0290779246081327,2.478878966288319,-4.7124463293952115
1.0290034004539943,2.4695618715137293,-4.6963346780981645
1.0287824359785565,2.460247089594595,-4.681008346756286
1.028422544330819,2.450936630860445,-4.666498972139134
1.0279315305548131,2.441632156599708,-4.65283321695336
1.0273174361736386,2.4323349855467864,-4.640032865585235
1.0265884859366294,2.4230461055901316,-4.628114941199634
1.0257530370697203,2.4137661900193477,-4.617091842192821
1.0248195312792796,2.4044956176077834,-4.606971495931217
1.0237964496759244,2.395234495823021,-4.597757527688062
1.0226922707092048,2.3859826864689992,-4.589449442709603
1.0215154311379964,2.3767398330879086,-4.582042819396444
1.0202742900058468,2.3675053894851534,-4.57552951166797
1.0189770955456765,2.3582786487843004,-4.569897858682097
1.0176319549040191,2.3490587724688936,-4.5651329002029835
1.0162468065508468,2.339844818922381,-4.561216596039998
1.0148293952261427,2.330635771034415,-4.558128048117157
1.0133872492676708,2.32143056250003,-4.555843723868665
1.0119276601646918,2.3122281024963423,-4.554337679789434
1.0104576641883334,2.303027298478531,-4.553581784096368
1.0089840259597622,2.2938270768920503,-4.553545937574355
1.0075132238308626,2.2846264016506783,-4.554198291788784
1.0060514369674838,2.2754242902797692,-4.555505463942861
1.0046045340420928,2.266219827670232,-4.557432747742861
1.0031780634586585,2.2570121774316028,-4.559944319707497
1.0017772450483609,2.2478005908713827,-4.563003440419847
1.000406963188663,2.2385844136628297,-4.566572650272223
0.9990717613103564,2.2293630902943984,-4.570613959297419
0.997775837766897,2.2201361664210175,-4.575089030715248
0.9965230430475249,2.2109032892603846,-4.57995935785247
0.9953168783202482,2.2016642061964635,-4.5851864341188096
0.9941604952927781,2.1924187617674447,-4.590731915743007
0.9930566973790997,2.18316689322666,-4.596557776992198
0.9920079421567785,2.1739086248724466,-4.60262645761654
0.9910163450956091,2.164644061346846,-4.608901002279962
0.9900836845321783,2.155373380103532,-4.615345191758119
0.9892114078576808,2.1460968232426407,-4.62192366570663
0.9884006388782967,2.1368146889044977,-4.628602036827117
0.9876521862989798,2.1275273224059035,-4.635346996285519
0.9869665532729861,2.1182351072918846,-4.642126410266855
0.9863439479512099,2.1089384564630516,-4.648909407582857
0.9857842949577218,2.0996378035242262,-4.65566645828352
0.985287247711016,2.0903335944841754,-4.662369443260177
0.984852201504635,2.081026279919503,-4.668991714865784
0.98447830725615,2.0717163076983494,-4.6755081486171255
0.984164485830052,2.062404116341875,-4.681895186083049
0.9839094428380109,2.0530901290839356,-4.688130869101969
0.9837116838191589,2.043774748672133,-4.694194865510197
0.9835695297035341,2.0344583529369173,-4.700068486599547
0.9834811324634902,2.0251412911397795,-4.7057346965576095
0.9834444908606386,2.015823881097102,-4.711178114176625
0.983457466199597,2.006506407063036,-4.716385007146653
0.983517798004353,1.997189118343021,-4.721343279275331
0.9836231195382275,1.9878722285993287,-4.726042450999804
0.9837709730941162,1.9785559158013606,-4.730473633576213
0.9839588249877216,1.9692403227663693,-4.7346294973482745
0.9841840801927324,1.9599255582307975,-4.738504234509197
0.9844440965632169,1.9506116983884971,-4.74209351678025
0.9847361985947694,1.9412987888296185,-4.745394448435143
0.9850576906820767,1.9319868468128758,-4.748405515101896
0.9854058698364434,1.9226758638040737,-4.751126528773549
0.9857780378324339,1.9133658082151126,-4.753558569455902
0.9861715127580268,1.9040566282800397,-4.755703923874931
0.9865836399475638,1.8947482550079484,-4.757566021658741
0.9870118022812688,1.8854406051564974,-4.759149369399263
0.9874534298391993,1.8761335841744136,-4.7604594829875575
0.9879060089012484,1.866827089066387,-4.761502818603916
0.9883670902881416,1.8575210111391638,-4.762286702730089
0.9888342970414072,1.8482152385932538,-4.7628192615362
0.989305331443056,1.838909658930382,-4.763109349979453
0.9897779813780971,1.829604161152524,-4.763166480935645
0.9902501260452325,1.8202986377339845,-4.763000754668143
0.9907197410233124,1.8109929863533865,-4.762622788922242
0.9911849027024786,1.801687111377646,-4.762043649915921
0.9916437920911747,1.7923809250948262,-4.761274784481213
0.9920946980114724,1.7830743486972642,-4.760327953593336
0.992536019696729,1.7737673130204277,-4.759215167507924
0.9929662688070273,1.7644597590465776,-4.757948622709856
0.9933840708791859,1.7551516381854775,-4.756540640860546
0.9937881662294226,1.7458429123470651,-4.755003609913995
0.9941774103279863,1.736533553823203,-4.753349927555573
0.9945507736662504,1.7272235449973528,-4.751591947101311
0.9949073411378926,1.717912877902271,-4.749741925979525
0.9952463109568228,1.708601553646648,-4.74781197690085
0.9955669931355215,1.6992895817319973,-4.745814021807238
0.9958688075483231,1.689976979281116,-4.7437597486752665
0.9961512816050071,1.6806637701990692,-4.741660571234139
0.9964140475607541,1.671349984286984,-4.739527591644131
0.9966568394891082,1.662035656327969,-4.737371566166983
0.9968794899450755,1.652720825163278,-4.7352028738458385
0.9970819263458139,1.6434055327754173,-4.733031488198883
0.9972641670966018,1.634089823393342,-4.730866951917852
0.9974263174898468,1.62477374263318,-4.728718354550082
0.997568565404837,1.6154573366861629,-4.726594313130848
0.9976911768357493,1.606140651563615,-4.724502955721366
0.9977944912751111,1.5968237324070298,-4.72245190779711
0.9978789169794409,1.587506622869451,-4.7204482814209845
0.997944926143246,1.578189364572621,-4.718498667126519
0.9979930500068424,1.5688719966426796,-4.716609128427507
0.9980238739226834,1.5595545553256125,-4.714785198862575
0.9980380324039801,1.5502370736821838,-4.713031881475912
0.9980362041784225,1.5409195813607532,-4.711353650628906
0.9980191072687639,1.531602104445191,-4.70975445603173
0.9979874941208999,1.5222846653740587,-4.708237728878939
0.9979421467989189,1.5129672829263459,-4.706806389968934
0.9978838722653727,1.503649972268325,-4.705462859683658
0.9978134977637829,1.4943327450555144,-4.704209069702167
0.9977318663191284,1.4850156095833253,-4.7030464763196695
0.9976398323707798,1.4756985709796921,-4.701976075242276
0.9975382575510654,1.466381631432855,-4.700998417727
0.997428006621373,1.457064790447455,-4.7001136279365054
0.9973099435764325,1.4477480451222133,-4.699321421378595
0.9971849279261669,1.438431390442684,-4.698621124301575
0.997053811163255,1.4291148195828725,-4.698011693918228
0.9969174334234125,1.419798324209903,-4.697491739333271
0.9967766203441322,1.410481894786368,-4.697059543051757
0.9966321801265892,1.401165520865494,-4.6967130829488735
0.9964849008042549,1.391849191374805,-4.696450054585022
0.9963355477207472,1.3825328948845266,-4.696267893753768
0.9961848612184099,1.373216619857564,-4.6961637991543475
0.996033554538144,1.3639003548784645,-4.696134755084757
0.9958823119300177,1.3545840888593657,-4.696177554056035
0.9957317869736926,1.3452678112214702,-4.69628881923323
0.9955826011061077,1.3359515120511627,-4.696465026613362
0.9954353423538578,1.3266351822303484,-4.696702526856094
0.9952905642664653,1.3173188135410985,-4.696997566687914
0.9951487850463856,1.3080023987450917,-4.697346309806112
0.9950104868705942,1.2986859316387358,-4.697744857214205
0.994876115398327,1.2893694070851809,-4.69818926692604
0.9947460794588139,1.280052821024725,-4.698675572981264
0.9946207509124037,1.2707361704653428,-4.699199803720387
0.994500464678044,1.2614194534552567,-4.69975799927316
0.9943855189196338,1.252102669039605,-4.700346228219402
0.9942761753834422,1.2427858172033506,-4.700960603386835
0.9941726598784779,1.233468898802621,-4.701597296755734
0.994075162891427,1.2241519154866742,-4.702252553445423
0.9939838403275534,1.2148348696126527,-4.702922704762684
0.9938988143687997,1.2055177641552215,-4.703604180297111
0.9938201744402093,1.1962006026130882,-4.7042935190532065
0.9937479782756675,1.1868833889142858,-4.704987379613625
0.9936822530739953,1.1775661273219489,-4.705682549332441
0.9936229967363346,1.1682488223421619,-4.706375952561526
0.9935714675650118,1.158931471598407,-4.707341214771415
0.9935353861941203,1.1496140500109786,-4.709691858596137
0.9935282614726297,1.1402965649399674,-4.71355677960435
0.9935648100801522,1.130979154813427,-4.719066369811045
0.9936609667952705,1.1216621780106695,-4.7263520418986396
0.9938350188952351,1.1123463447938429,-4.735788513908923
0.994107671825599,1.1030328947858956,-4.747523089928652
0.9944997062465417,1.093723727444659,-4.761430586579644
0.99503842143799,1.0844219412049383,-4.779048610879643
0.9957480417996174,1.0751316520518568,-4.798199332111815
0.9966485760610081,1.065857967338974,-4.820184432813985
0.9977648435127895,1.0566078183552807,-4.844783329160659
0.9991222325119486,1.0473900278848005,-4.872408123976622
1.0007462646274852,1.0382155231643215,-4.90277158987535
1.0026606826670639,1.0290972585640035,-4.935903046378893
1.004888616002742,1.0200505644248332,-4.971805753053017
1.0074521245530634,1.0110932598821762,-5.010454662461896
1.0103717056488841,1.0022456969628983,-5.051795043906179
1.0136642154457867,0.9935301176646629,-5.09538191682353
1.017342572253458,0.9849703139379226,-5.141126983744002
1.0214170724084175,0.9765919125526098,-5.188922435530785
1.0258950444331718,0.968422116322115,-5.2386422284924095
1.0307805483006307,0.9604893771162242,-5.290143774167814
1.0360728446099459,0.9528221006211908,-5.342931538848495
1.041767747865948,0.9454490104858695,-5.39720157695999
1.0478576414696739,0.9383987055532514,-5.452453059882501
1.0543313882021066,0.9316992069356691,-5.508850281791639
1.0611745113408177,0.9253775133154287,-5.56589823436477
1.0683683809364943,0.9194580557097418,-5.623436546724765
1.0758900248526373,0.9139610716336847,-5.680706283471188
1.0837166454240872,0.9089078474052155,-5.739048058122649
1.0918245573390288,0.9043195096056695,-5.797372400015477
1.1001863036300452,0.9002119299175734,-5.855776635318393
1.108772924734607,0.8965978945802306,-5.91382293639282
1.1175539710242,0.8934858263638601,-5.971355940441492
1.1264985999761628,0.8908808493770606,-6.0282246745426455
1.1355762405761312,0.8887858041227978,-6.084505337445143
1.144756631357134,0.8872002505695744,-6.13981782306315
1.1540100910593145,0.8861195511969335,-6.194028785027566
1.1633082575183344,0.8855370308661943,-6.247207478702967
1.172624236447904,0.885443218868874,-6.299023797167428
1.1819329758263453,0.885823906513475,-6.349092715002202
1.1912121462221277,0.8866583651152411,-6.396651695996502
1.2004428981862185,0.8879210152866602,-6.44160627135316
1.2096099110404368,0.889584936928212,-6.483878290126038
1.2187013077465711,0.8916223101958783,-6.523405783616437
1.2277085047617973,0.8940048142158219,-6.560142630651348
1.2366260090750096,0.8967039774812854,-6.594058052704458
1.2454511746466685,0.8996914768123863,-6.6251359692971565
1.254183929919839,0.902939384364494,-6.65337424415197
1.2628264870826869,0.9064203643462799,-6.678783851390856
1.271383042492009,0.9101078228138975,-6.701387988932246
1.2798594762491233,0.9139760151431757,-6.721221163407362
1.2882630574680047,0.9180001165779472,-6.73832826763939
1.2966021603800688,0.922156261660923,-6.75276366823388
1.3048859951438474,0.9264215584364164,-6.764590317306159
1.3131243561103625,0.930774083137906,-6.773878898974422
1.3213273893551718,0.9351928607020401,-6.780707018090476
1.3295053805281678,0.9396578359424652,-6.785158435843503
1.3376685634824468,0.9441498396219874,-6.787322354404482
1.3458269497057813,0.9486505530213662,-6.787292750703352
1.353990178269373,0.9531424739499057,-6.785167757750292
1.3621673858040546,0.9576088865023875,-6.781049090614501
1.370367095887918,0.9620338362550949,-6.775041513234637
1.3785971271598214,0.9664021120257491,-6.7672523416247605
1.3868645194380655,0.9706992348040536,-6.757790978722237
1.3951754771064715,0.9749114539981567,-6.7467684760628766
1.4035353290169201,0.9790257507401714,-6.734297117625194
1.4119485041381032,0.9830298476527374,-6.720490021522361
1.4204185221481795,0.9869122241990708,-6.705460755700318
1.428947998120873,0.9906621365208168,-6.689322964388348
1.4375386603898421,0.9942696405104244,-6.67219000271041
1.446191380596884,0.9977256167660925,-6.654174577570179
1.4549062148396983,1.0010217960352215,-6.635388393640455
1.4636824547399279,1.0041507837634756,-6.615941803991581
1.4725186871583456,1.0071060824267668,-6.595943465559401
1.4814128611980395,1.009882110427465,-6.5755000002601935
1.4903623610648018,1.0124742164776572,-6.554715663090137
1.49936408330255,1.0148786885642103,-6.533692018986382
1.5084145168954117,1.0170927567848735,-6.5125276305657485
1.5175098247306362,1.0191145895534452,-6.491317759089629
1.5266459249498276,1.0209432828866745,-6.470154081128087
1.535818570780504,1.0225788426978806,-6.449124423414822
1.5450234275345183,1.0240221602245574,-6.428312518303523
1.5542561455817256,1.0252749809026818,-6.407797782064552
1.563512428252511,1.0263398671633692,-6.387655118010893
1.5727880937864447,1.0272201557635698,-6.367954746128061
1.5820791306208006,1.027919910368754,-6.348762060519667
1.5913817454960173,1.0284438701806164,-6.3301375155847674
1.6006924040394643,1.0287973954467273,-6.3121365414309665
1.6100078636685042,1.0289864107031463,-6.294809488613885
1.6193251988237651,1.0290173465877541,-6.278201601892909
1.6286418186995153,1.0288970810248101,-6.2623530223172805
1.6379554777766996,1.0286328805240346,-6.247298816615636
1.6472642795831731,1.028232342264705,-6.233069032563626
1.6565666742035423,1.0277033375513787,-6.219688778753652
1.6658614501372773,1.0270539571372828,-6.207178326990882
1.6751477211587213,1.0262924588182911,-6.195553235391342
1.6844249088672827,1.0254272176083656,-6.184824490159818
1.693692721631999,1.024466678719529,-6.1749986639746846
1.702951130633759,1.0234193134883343,-6.166078088899428
1.7122003436929318,1.0222935783183071,-6.158061041771397
1.7214407775423086,1.0210978766451977,-6.1509419400814425
1.7306730291674124,1.0198405238797983,-6.144711546447441
1.739897846790608,1.0185297152417017,-6.1393571798941755
1.7491161010241245,1.0171734963664523,-6.134862932275652
1.7583287566619377,1.0157797365474106,-6.131209888308236
1.7675368455231293,1.0143561044614335,-6.128376347818939
1.776741440701195,1.0129100462230367,-6.126338048948513
1.7859436325160374,1.0114487656138547,-6.125068391180086
1.7951445064089677,1.0099792063416189,-6.124538657188051
1.8043451229667156,1.0085080361943,-6.124718232616671
1.81354650020882,1.007041632969237,-6.125574823001946
1.822749598224216,1.0055860720729335,-6.127074667142885
1.8319553061977816,1.0041471157035122,-6.129182746309313
1.8411644318261537,1.0027302035439996,-6.131862988742816
1.8503776930845428,1.0013404449096077,-6.135078468966286
1.8595957122725955,0.9999826123055704,-6.138791601466506
1.8688190122376656,0.9986611363633853,-6.142964328354807
1.8780480146481626,0.9973801021321966,-6.1475583006441585
1.88728304016795,0.9961432467083948,-6.152535052808774
1.896524310365032,0.9949539581902527,-6.157856170315732
1.9057719511739262,0.9938152759456429,-6.163483449838738
1.915025997721083,0.9927298921797778,-6.169379051883202
1.9242864003163656,0.991700154786705,-6.175505645570535
1.9335530314107785,0.9907280714633009,-6.181826545348872
1.9428256933211625,0.9898153150580853,-6.18830583941818
1.9521041265262138,0.9889632301196827,-6.194908509680493
1.9613880183447032,0.988172840601595,-6.201600543051202
1.9706770118158685,0.9874448586714644,-6.2083490339951775
1.9799707146133205,0.9867796945645682,-6.215122278181982
1.9892687078371099,0.9861774674132249,-6.2218898571874295
1.998570554543486,0.9856380169763521,-6.228622714203964
2.0078758078879937,0.9851609161868877,-6.2352932207593845
2.017184018774517,0.9847454844293007,-6.241875234481785
2.0264947429203497,0.984390801455141,-6.248344147987716
2.0358075472649917,0.9840957218415831,-6.254676929009866
2.0451220156678107,0.9838588898962284,-6.260852151919435
2.0544377538566896,0.9836787549110484,-6.266850020836177
2.063754393605987,0.983553586669208,-6.272652384555391
2.0730715961373924,0.9834814911105263,-6.278242743555257
2.082389054751312,0.9834604260643922,-6.283606249379579
2.0917064967091283,0.9834882169629282,-6.288729696719723
2.1010236843979557,0.9835625724519268,-6.293601508545047
2.1103404158192154,0.9836810998224257,-6.298211714653375
2.119656524450497,0.983841320191583,-6.3025519240315235
2.128971878536718,0.9840406833676147,-6.306615291431115
2.138286379871571,0.9842765823398119,-6.310396478576343
2.1475999621337083,0.984546367340954,-6.313891610428433
2.156912588844146,0.9848473594356477,-6.317098226936311
2.1662242510120415,0.985176863594162,-6.320015230704622
2.175534964535462,0.985532181217128,-6.322642831008994
2.184844767422095,0.9859106220819407,-6.324982484584551
2.1941537168922367,0.9863095156868402,-6.327036833607408
2.203461886422911,0.9867262219733952,-6.3288096412805395
2.2127693627878275,0.9871581414124666,-6.330305725425198
2.2220762431431447,0.987602724442727,-6.331530890467347
2.2313826322038524,0.9880574802543816,-6.332491858195508
2.240688639550139,0.9885199849140136,-6.33319619765231
2.24999437709746,0.9889878888294135,-6.333652254507056
2.2592999567583294,0.9894589235558158,-6.333869080240967
2.2686054883181725,0.989930907947496,-6.333856361460648
2.277911077542054,0.9904017536603718,-6.333624349638797
2.287216824523701,0.9908694700143599,-6.333183791564587
2.2965228222832543,0.9913321682242113,-6.332545860768938
2.3058291556153874,0.9917880650110007,-6.331722090173482
2.3151359001851124,0.9922354856069422,-6.33072430619473
2.324443121864678,0.9926728661680357,-6.3295645645183
2.3337508763014814,0.9930987556103856,-6.328255087741264
2.343059208703924,0.993511816887346,-6.326808205064091
2.3523681538296066,0.9939108277259505,-6.325236294197193
2.361677736158219,0.9942946808422901,-6.323551725630824
2.37098797022991,0.9946623836566513,-6.321766809400955
2.3802988611287925,0.9950130575303451,-6.319893744467907
2.389610405090571,0.9953459365471797,-6.317944570808845
2.3989225902130036,0.9956603658634728,-6.315931124309844
2.4082353972480197,0.995955799651389,-6.313864994528107
2.4175488004547785,0.9962317986611522,-6.311757485380079
2.426862768493713,0.996488027428331,-6.309619578796711
2.436177265342653,0.996724251152985,-6.307461901372977
2.4454922512173765,0.9969403322778669,-6.305294694025051
2.454807683480403,0.9971362267931827,-6.303127784655186
2.4641235175234533,0.9973119802955912,-6.300970563811607
2.4734397076106998,0.997467723829156,-6.298831963318341
2.4827562076717355,0.9976036695358816,-6.296720437838243
2.492072972034996,0.9977201061431957,-6.29464394932124
2.5013899560941883,0.9978173943154145,-6.292609954279376
2.5107071169020863,0.9978959618957228,-6.290625393820306
2.520024413687754,0.9979562990645814,-6.288696686361748
2.5293418082949364,0.9979989534397689,-6.286829722940924
2.538659265540874,0.9980245251424265,-6.285029865025293
2.5479767534962403,0.9980336618525678,-6.283301944723875
2.557294243688168,0.9980270538765001,-6.281650267292231
2.5666117112294913,0.9980054292475531,-6.280078615818779
2.575929134878301,0.9979695488803539,-6.278590257975092
2.5852464970327538,0.9979202017977178,-6.277187954709355
2.5945637836667492,0.9978582004480065,-6.275873970758414
2.6038809842126045,0.9977843761295482,-6.27465008685164
2.613198091397239,0.9976995745374353,-6.273517613477891
2.6225151010385956,0.9976046514467711,-6.272477406085733
2.6318320118091307,0.9975004685451161,-6.271529881586602
2.641148824973161,0.9973878894256298,-6.270675036030665
2.6504655441047293,0.9972677757511601,-6.26991246332592
2.659782174792385,0.9971409835982588,-6.269241374872253
2.669098724336962,0.9970083599889019,-6.268660619984051
2.67841520144802,0.9968707396165186,-6.268168706977134
2.6877316159441462,0.9967289417717389,-6.2677638247985765
2.6970479784618084,0.9965837674721989,-6.267443865081065
2.7063643001768902,0.9964359967996259,-6.267206444506946
2.7156805925424767,0.9962863864463571,-6.267048927370975
2.7249968670458653,0.9961356674726147,-6.266968448234941
2.7343131349872074,0.9959845432742895,-6.2669619345716985
2.7436294072815928,0.9958336877624845,-6.267026129301025
2.752945694285871,0.9956837437487991,-6.2671576131237
2.7622620056509244,0.9955353215399967,-6.267352826567348
2.771578350199665,0.9953889977342527,-6.2676080916599295
2.780894735830539,0.9952453142172715,-6.267919633154322
2.7902111694459215,0.9951047773531521,-6.268283599231776
2.7995276569044183,0.994967857365026,-6.268696081617813
2.8088442029957696,0.9948349878996972,-6.269153135049517
2.818160811436786,0.9947065657699987,-6.269650796038713
2.827477484886525,0.9945829508681712,-6.270185100881055
2.8367942249787528,0.9944644662430413,-6.2707521028664654
2.8461110323696035,0.9943513983335102,-6.271347888651824
2.8554279067982886,0.9942439973503632,-6.271968593762127
2.8647448471586596,0.9941424777982721,-6.272610417191609
2.874061851579449,0.9940470191295123,-6.273269635081442
2.8833789175110422,0.9939577665207828,-6.27394261345568
2.89269604181673,0.9938748317642947,-6.274625820001968
2.90201322086647,0.9937982942642751,-6.275315834888279
2.91133045063134,0.9937282021298621,-6.276009360611482
2.92064772677699,0.9936645733554013,-6.2767032308779385
2.929965044754581,0.993607397079181,-6.277394418520502
2.9392823998878725,0.9935566349116396,-6.278080042460277
2.948599787455285,0.9935122223242114,-6.278757373725262
2.957917202765979,0.9934740700900822,-6.279423840541577
2.9672346412291537,0.9934420657682992,-6.280077032516289
2.97655209841597,0.9934160752228554,-6.28071470393396
2.9858695701136675,0.9933959441685705,-6.281334776191917
2.995187052371627,0.9933814997358805,-6.281935339401885
3.004504541539277,0.9933725520468677,-6.282514653187995
3.0138220342959015,0.9933688957951645,-6.2830711467134055
3.023139527672534,0.9933703118227406,-6.283603417969631
3.032457019066238,0.9933765686867488,-6.284110232364341
3.041774506247186,0.9933874242101624,-6.284590520645157
3.0510919873590314,0.9934026270101057,-6.285043376197581
3.0604094609131343,0.9934219179982513,-6.285468051756908
3.069726925777269,0.9934450318480152,-6.2858639555742934
3.079044381159472,0.993471698423587,-6.28623064707791
3.088361826587718,0.9935016441663898,-6.286567832070493
3.0976792618861206,0.9935345934347204,-6.286875357504697
3.106996687148356,0.9935702697929116,-6.287153205877755
3.116314102708998,0.9936083972466463,-6.287401489286687
3.125631509113414,0.9936487014214208,-6.287620443184959
3.134948907086863,0.9936909106816358,-6.287810419880995
3.1442662975033726,0.9937347571880082,-6.287971881818206
3.153583681354937,0.9937799778915775,-6.288105394675475
3.1629010597215306,0.9938263154626696,-6.288211620325992
3.1722184337423576,0.9938735191538512,-6.288291309691326
3.1815358045887256,0.9939213455958509,-6.288345295526395
3.1908531734388434,0.9939695595261924,-6.288374485169753
3.200170541454807,0.9940179344503122,-6.288379853292182
3.209487909761966,0.9940662532349052,-6.288362434675097
3.218805279430807,0.9941143086350053,-6.288323317048982
3.228122651461443,0.994161903753934,-6.28826363401989
3.2374400267707335,0.9942088524384332,-6.288184558111217
3.2467574061820295,0.9942549796094227,-6.288087293945554
3.256074790417479,0.9943001215300455,-6.287973071590082
3.2653921800927987,0.9943441260126917,-6.287843140087126
3.2747095757143865,0.9943868525664641,-6.2876987611896435
3.28402697767861,0.994428172487595,-6.287541203319869
3.2933443862730964,0.9944679688945186,-6.287371735767285
3.3026618016798253,0.9945061367101502,-6.287191623140548
3.311979223979805,0.9945425825937093,-6.287002120086159
3.321296653159122,0.9945772248246314,-6.2868044662849165
3.3306140891161338,0.9946099931411965,-6.286599881735573
3.3399315316695795,0.9946408285365607,-6.286389562333386
3.349248980567394,0.9946696830150685,-6.286174675749673
3.3585664354960083,0.9946965193115105,-6.285956357616862
3.3678838960899338,0.9947213105763097,-6.285735708022061
3.377201361941444,0.994744040029488,-6.285513788310645
3.386518832610176,0.994764700586245,-6.285291618199955
3.3958363076324973,0.9947832944571289,-6.2850701732019205
3.4051537865304917,0.9947998327255831,-6.284850382351995
3.4144712688204497,0.9948143349057403,-6.284633126240734
3.423788754020756,0.9948268284832693,-6.284419235343061
3.433106241659094,0.9948373484419903,-6.284209488639302
3.4424237312789,0.9948459367789866,-6.284004612520986
3.451741222445024,0.9948526420107981,-6.283805279973526
3.4610587147485674,0.9948575186732356,-6.283612110027016
3.4703762078108857,0.9948606268172782,-6.283425667465643
3.4796937012867573,0.9948620315034731,-6.283246462785526
3.489011194866741,0.9948618022969313,-6.283074952389988
3.4983286882787468,0.9948600127653435,-6.282911539011013
3.5076461812888615,0.9948567399817918,-6.282756572345052
3.516963673701481,0.9948520640345322,-6.282610349890665
3.526281166905862,0.994850984423973,-6.283528526053543
3.535598647220009,0.9948653370573237,-6.285922883008654
3.5449160299475313,0.9949094961189116,-6.289926515736096
3.5542330800496047,0.9949990802510074,-6.295673655316139
3.563549293655419,0.9951520628742976,-6.303536239300725
3.5728637698726757,0.9953876764018997,-6.31341441591726
3.582175041339733,0.995726523671453,-6.325706264802938
3.5914808297201213,0.9961917050758716,-6.3405579843806805
3.6007778267209574,0.9968075826189614,-6.35810889896897
3.6100614311223853,0.9975996506583966,-6.378487512693891
3.6193256305398287,0.9985928622694027,-6.4014865228801305
3.628562639185976,0.9998128842974978,-6.42752342942992
3.6377624093859797,1.001287255396217,-6.456668084670177
3.646912797570009,1.0030418782516302,-6.488610960933611
3.655999525236751,1.0051005986894737,-6.523363782509288
3.6650058345574976,1.0074863649758299,-6.560910363144925
3.673912918586032,1.0102191301702483,-6.600842173465427
3.6826995632587507,1.013317100332032,-6.643466193838011
3.691342274490873,1.0167962776649153,-6.688320595698375
3.6998161041276294,1.0206684772744954,-6.735303245590425
3.708094371853827,1.0249426565561355,-6.784293113537878
3.7161489657758024,1.0296245890675044,-6.835151851914151
3.723951590716736,1.0347152663590802,-6.8873838551598245
3.731473420255445,1.0402122494951096,-6.9411908679354015
3.738685536150142,1.0461096459547599,-6.996069596122663
3.745559375076089,1.0523979877632006,-7.052189374467066
3.7520671832486245,1.0590643759190832,-7.1090507353262815
3.7581824957449346,1.0660924994769863,-7.16679344430638
3.7638816397833024,1.073462115447347,-7.224638243153255
3.76914311343868,1.0811502832993924,-7.283021148247839
3.7739456643553275,1.089133155503863,-7.341741721429361
3.778271938289223,1.097383864446926,-7.400344129461999
3.782108743195121,1.105873270128906,-7.45866688791264
3.7854460911765644,1.1145711754663092,-7.516551722561545
3.7882772898183137,1.1234467743958418,-7.5738444207707065
3.7905979444640647,1.1324693532539385,-7.630621860157134
3.7924069931746702,1.1416083054015265,-7.686495591599151
3.7937076656279354,1.1508333901400785,-7.7413282197108995
3.7945053171301826,1.160115547958248,-7.795188555025884
3.794808218616364,1.1694270441525696,-7.847737965841251
3.794628252137234,1.1787417847212027,-7.898861717116408
3.7939835514202387,1.1880360225160058,-7.947610957192365
3.7928985941503788,1.1972892991592745,-7.993788743867627
3.7913998481424844,1.2064847189518237,-8.037309770264583
3.789514868732495,1.2156088901412394,-8.078105034421805
3.787271878982056,1.224651800537664,-8.116121586337837
3.78469939627029,1.233606634744956,-8.151322091227527
3.781825909643918,1.2424695453757548,-8.183684239163696
3.7786796095125776,1.2512393902920655,-8.213200031907697
3.7752881688929265,1.2599174470846806,-8.23987497703663
3.771678573483851,1.2685071148279414,-8.263727217701298
3.7678769964118977,1.2770136117649287,-8.284786623762873
3.763908712501764,1.2854436761174108,-8.30309386691827
3.7597980463571723,1.2938052757757759,-8.318699498973888
3.755568348323356,1.3021073312815137,-8.331663048872436
3.751241992477706,1.3103594553182938,-8.342052150588513
3.7468403910936585,1.3185717109045456,-8.349941710717236
3.742384020483093,1.3267543896396088,-8.355413121581146
3.7378924536901152,1.3349178106917003,-8.358553523035805
3.733384396138744,1.343072140713911,-8.3594551138972
3.728877720992206,1.3512272345127085,-8.358214512055351
3.7243895016342004,1.3593924960472863,-8.35493216087162
3.7199360393118317,1.3675767591821408,-8.349711778362646
3.7155328845712066,1.3757881875251345,-8.342659844923567
3.7111948516598496,1.3840341926369146,-8.333885124903206
3.706936025558702,1.3923213698759718,-8.323498217177596
3.7027697617365174,1.400655451131388,-8.311611129937154
3.6987086790887664,1.4090412736806728,-8.298336875169044
3.694764646830734,1.4174827643848773,-8.283789078741982
3.690948766360223,1.425982938392657,-8.268081602550035
3.6872713492897464,1.4345439114674727,-8.251328175810071
3.683741892972619,1.4431669249786838,-8.23364203330189
3.6803690549139385,1.4518523825111065,-8.215135559060045
3.6771606274689876,1.4605998969535918,-8.195919934743893
3.674123514191857,1.4694083468313623,-8.176104792601823
3.671263709110976,1.478275940555879,-8.15579787358441
3.6685862800815094,1.4872002871866097,-8.135104691730222
3.666095357204104,1.496178472237524,-8.114128206431333
3.6637941271127565,1.5052071370228732,-8.092968504571758
3.6616848337298626,1.5142825600260612,-8.071722494813095
3.6597687858721555,1.523400738794914,-8.050483616474406
3.6580463718757192,1.5325574709175707,-8.029341565518042
3.656517081199512,1.5417484327150461,-8.008382040114531
3.655179532772162,1.5509692543971996,-7.987686508125483
3.6540315096724267,1.560215590564939,-7.96733199862493
3.653069999584664,1.569483185098425,-7.947390919289911
3.652291240350458,1.5787679296433972,-7.9279309011455465
3.6516907698483263,1.588065915089677,-7.9090146717643925
3.6512634793757033,1.5973734756213658,-7.89069995761081
3.6510036696804686,1.6066872251014512,-7.873039415804181
3.6509051087910303,1.6160040857291103,-7.856080595164768
3.650961090821436,1.6253213090712986,-7.839865926015922
3.6511644949773583,1.634636489717474,-7.824432737857195
3.6515078440557787,1.6439475719346786,-7.809813303703497
3.6519833618113045,1.6532528498078598,-7.796034909612128
3.652583028650775,1.662550961436351,-7.783119947696237
3.6532986352108394,1.6718408778218212,-7.771086030751723
3.654121833466667,1.6811218871264786,-7.759946126504397
3.655044185110448,1.6903935750041983,-7.749708709413168
3.656057207023091,1.6996558017133496,-7.740377927939411
3.6571524137393676,1.7089086767105284,-7.731953785207801
3.65832135687412,1.7181525314014467,-7.724432331034047
3.659555661534144,1.727387890691236,-7.7178058633742115
3.660847059786599,1.7366154439336565,-7.712063137352395
3.6621874212903345,1.7458360158293598,-7.707189580142429
3.6635687812218944,1.7550505377693635,-7.703167510109138
3.664983365643956,1.7642600200630485,-7.699976358750381
3.6664236144716007,1.7734655254317704,-7.697592894117894
3.6678822021923194,1.7826681440908863,-7.695991444528916
3.6693520564902755,1.791868970685656,-7.6951441215085925
3.670826374915407,1.801069083290951,-7.695021041022622
3.672298639724687,1.8102695246316327,-7.69559054216895
3.673762631007489,1.8194712856303359,-7.696819402595337
3.6752124381905853,1.8286752913426303,-7.698673049995945
3.676642470001889,1.8378823892963208,-7.701115769114715
3.678047462956312,1.8470933402122518,-7.7041109037468445
3.6794224884128486,1.8563088110484713,-7.707621053282868
3.6807629582396535,1.865529370278078,-7.711608263383968
3.6820646291138472,1.8747554852835573,-7.716034210413413
3.683323605475259,1.8839875217269082,-7.720860379278987
3.6845363411484158,1.8932257447353473,-7.7260482343662495
3.685699639644742,1.9024703217268077,-7.731559383264101
3.686810653157062,1.9117213266877315,-7.737355733003575
3.6878668802608106,1.9209787457077026,-7.743399638549419
3.6888661623406502,1.9302424835711163,-7.749654043302886
3.689806678767062,1.93951237120518,-7.75608261139411
3.690686940854577,1.9487881737858674,-7.7626498515642
3.6915057846413033,1.958069599308777,-7.769321232461291
3.6922623625378197,1.967356307439887,-7.77606328920139
3.69295613390206,1.9766479184716639,-7.782843721074266
3.6935868546051416,1.9859440222225437,-7.789631480306543
3.6941545656608534,1.9952441867320994,-7.796396851828526
3.694659580998529,2.0045479666198993,-7.803111524027663
3.695102474465024,2.013854910992775,-7.809748650509476
3.6954840661463604,2.023164570802567,-7.816282902925747
3.6958054081031886,2.032476505574105,-7.8226905149691826
3.696067769616489,2.041790289440791,-7.828949317672988
3.6962726220408983,2.051105516442451,-7.83503876619227
3.6964216233627214,2.0604218050567633,-7.840939958281307
3.6965166025581615,2.0697388019513228,-7.846635644715986
3.6965595438446703,2.0790561849580658,-7.852110231943572
3.696552570914715,2.0883736652851406,-7.857349777272136
3.6964979312368174,2.097690988993267,-7.862341976939011
3.696397980503612,2.107007937774064,-7.867076147421361
3.696255167301021,2.116324329076686,-7.871543200372177
3.696072018066646,2.1256400156363613,-7.875735611581704
3.6958511223992336,2.1349548844641193,-7.879647384377383
3.6955951187747713,2.144268855361101,-7.883274007884927
3.6953066807184665,2.153581879023506,-7.886612410579419
3.6949885034757206,2.1628939348054796,-7.889660909558209
3.694643291219282,2.172205028207214,-7.892419155967409
3.6942737448241125,2.1815151881543335,-7.894888077010964
3.6938825502362125,2.190824464132413,-7.89706981496599
3.6934723674567067,2.2001329232373266,-7.898967663620573
3.6930458201579572,2.2094406471982446,-7.900586002540721
3.6926054859443163,2.218747729425564,-7.9019302295620735
3.6921538872663504,2.2280542721310566,-7.903006691889377
3.6916934829939905,2.2373603835621565,-7.903822616173031
3.6912266606509405,2.2466661753867045,-7.9043860379173285
3.6907557293099913,2.2559717602587637,-7.90470573055961
3.6902829131463193,2.265277249590389,-7.904791134543528
3.6898103456437212,2.2745827515486075,-7.904652286693267
3.689340064446508,2.2838883692913905,-7.904299750178868
3.688874006848156,2.2931941994512046,-7.9037445453459165
3.688414005905905,2.302500330869808,-7.902998081665979
3.6879617871689874,2.3118068435834385,-7.9020720910471836
3.687518966006598,2.3211138080534104,-7.900978562727461
3.6870870455203786,2.330421284633453,-7.8997296799561125
3.6866674150247505,2.339729323261908,-7.898337758652696
3.6862613490771716,2.3490379633641525,-7.8968151882156725
3.685864100815696,2.358346984778697,-7.896443273263604
3.6854638478029482,2.3676558771357077,-7.897460752737718
3.6850469798651186,2.3769640381178845,-7.900013121540959
3.684597473034526,2.3862706748090248,-7.904474334412255
3.684097928546061,2.3955747521753143,-7.9107677710941005
3.6835294517590356,2.404874859429296,-7.919295240836275
3.682870552395377,2.414168979888624,-7.930219626254015
3.682091815730405,2.423453787639666,-7.945096232624083
3.6811692835274745,2.4327253970684515,-7.961215701377983
3.6800842655593917,2.4419793595210812,-7.980179796862155
3.6788102659950126,2.4512091553970863,-8.002112357727082
3.67732004355091,2.460406459422101,-8.027115290160511
3.675587543731841,2.4695611598001714,-8.054918192587975
3.6735866841944036,2.478660901311797,-8.085918514873471
3.671291885191522,2.4876909231897923,-8.119768515585843
3.6686801417379717,2.4966343424458537,-8.156451927184342
3.665731466694483,2.5054723251842304,-8.195558388174403
3.662427653472455,2.514183688099029,-8.237393630798278
3.6587527288993127,2.522745028374242,-8.28149341586115
3.6546949192464924,2.531131588269795,-8.327753238635744
3.6502453273070197,2.539316937669732,-8.376049436410032
3.6453982517544095,2.547273276122767,-8.426240945637232
3.640151450494813,2.554971799033867,-8.478171379898113
3.634507546390491,2.5623840579235186,-8.531342338007233
3.628472695193963,2.5694815717045874,-8.58593038999453
3.6220565110079113,2.576236272292283,-8.64143677406191
3.615272108064995,2.58262097383234,-8.698007088894771
3.608135862806462,2.588609802395718,-8.755152585428576
3.6006713874691547,2.5941842368283026,-8.811509563022298
3.5929002677320856,2.5993224210910713,-8.869643837087558
3.5848436017457863,2.604000168654449,-8.927838016389538
3.576528725894421,2.608201848885695,-8.985927440229375
3.567983977097799,2.611913797546468,-9.04399583461666
3.559238901355373,2.615125544432936,-9.101618546279589
3.5503241592444983,2.617831009061329,-9.158640756861939
3.541270280069099,2.620026430424261,-9.215130320602361
3.5321076188558713,2.6217113583025773,-9.270707739186994
3.5228660818836692,2.6228895657645044,-9.325235487339128
3.5135744164569322,2.623567837710034,-9.378583155809704
3.5042598698921115,2.623755759818292,-9.430627996140142
3.4949473519923298,2.623479531679054,-9.47823458620807
3.4856566192419605,2.622783265046154,-9.520925794511259
3.4764012069530237,2.6217142671543647,-9.558610597073413
3.4671895505239587,2.620316778259385,-9.592066679946624
3.458027029938432,2.618626433283127,-9.62235621155553
3.4489148123508646,2.616682574653148,-9.647547853219686
3.439850077976169,2.6145278075029257,-9.668762957635064
3.4308286537079575,2.6121981327191603,-9.686226851687591
3.4218444191036177,2.6097287435026875,-9.699797545078024
3.412889786726087,2.6071539556145673,-9.709726321362895
3.4039566401229098,2.604505509068365,-9.716267375198294
3.395037044774953,2.601811736392511,-9.71988111415872
3.386123666945996,2.599097445418689,-9.720869395828418
3.377206781028759,2.59639471724253,-9.717287443427796
3.368276256273172,2.593737444417123,-9.710682637706599
3.359324614743721,2.59115226646464,-9.701162026430106
3.3503450532237697,2.5886658980595145,-9.688642496088336
3.341331921041036,2.586304232683138,-9.673441102514442
3.3322811202445215,2.5840914496167304,-9.655677163791639
3.3231899798615094,2.582050885951883,-9.635472504727378
3.3140575504148484,2.580204046168389,-9.613158749732325
3.304884427225872,2.578571517141036,-9.588646602702545
3.295672634222172,2.577173860682554,-9.562061838703782
3.286425868582111,2.576030565852963,-9.53353073880278
3.2771494965395536,2.575159965858453,-9.503179667567
3.2678505229084265,2.574579149691233,-9.471134672281968
3.258537535478126,2.574303871488847,-9.4375210978614
3.249220625729322,2.574348460746719,-9.402463212778278
3.2399112345271717,2.5747245946552137,-9.366329224636619
3.2306219743306217,2.575442400053696,-9.328987975086083
3.221366599704967,2.5765115321022147,-9.290557940441339
3.2121598581192043,2.5779399453676923,-9.251155118122352
3.20301681739461,2.579731337202677,-9.211443568516296
3.193951969115109,2.5818837485665975,-9.171855111818113
3.184979056626231,2.5843920045999025,-9.132543221004283
3.1761110366871828,2.5872490956684793,-9.09365586238575
3.167359876209535,2.59044632159385,-9.055334840245127
3.1587466246291767,2.5939979422906227,-9.012016948384558
3.150295816714592,2.597920413469164,-8.968416263891582
3.1420244322821285,2.6022083046570357,-8.924620566918314
3.133948190872361,2.6068533316232974,-8.881045683787288
3.1260820677653243,2.6118459292151055,-8.837427394937995
3.118441049757622,2.617176668852332,-8.793837362244913
3.1110393127690292,2.622834962811493,-8.75034210300461
3.1038901369845715,2.6288091895115997,-8.707002995765336
3.097004647226948,2.6350855337285983,-8.664253006414462
3.0903928473313615,2.6416495815234784,-8.621754985966719
3.0840648701723428,2.6484876739737837,-8.57955396743809
3.0780298111034985,2.6555856363932246,-8.537690370944047
3.07229420155661,2.6629277248260386,-8.49661171839352
3.066863463804221,2.6704981143680038,-8.455923475504925
3.061743532309895,2.678282088669545,-8.415652002237806
3.056937625654304,2.6862638003256225,-8.376257353450237
3.0524479939791576,2.6944276179037523,-8.337304310818194
3.0482777839960478,2.7027591432531666,-8.298808061271552
3.0444253596805098,2.7112423359629396,-8.261712075338933
3.0408818166648968,2.7198591828082783,-8.226558092154997
3.03765035769089,2.728597808729307,-8.189796065433969
3.034738079981771,2.7374479524290174,-8.153976553266677
3.0321425916990923,2.7463961409320916,-8.118607449405923
3.029860898648597,2.7554294674671924,-8.084178196705478
3.0278872690108107,2.764535089596607,-8.050678617831712
3.026217865186638,2.7737013786157947,-8.017584231503038
3.0248507981462143,2.7829176188825233,-7.9848963276875
3.0237814619424275,2.792173152392767,-7.953116566833208
3.0230049861689348,2.801457851628429,-7.921717616659647
3.0225162554230343,2.8107621567226713,-7.891203946144908
3.022309960507972,2.820077013108597,-7.861045822492885
3.0223757106477955,2.829393965047449,-7.832803591742082
3.0227081358170116,2.838705199618847,-7.803786962219232
3.02330669400856,2.848003138551017,-7.7756029950106145
3.0241655847398436,2.857280658350778,-7.74773128801331
3.0252789500565433,2.8665311073137723,-7.720668368655455
3.026638591417224,2.8757485943807413,-7.694393593801125
3.0282364060164833,2.8849278083043517,-7.6688857177811265
3.0300666793916893,2.8940635168549025,-7.643627254921751
3.032125882958775,2.9031503672089447,-7.618636560136415
3.034408138749221,2.912183790871552,-7.594392318607837
3.036905447768183,2.921160156156235,-7.570875967894834
3.0396099803288266,2.930076289138794,-7.548068834041716
3.0424748987247696,2.9389423286868865,-7.534808038693418
3.045441022843642,2.9477750590978617,-7.5251984366116
3.048475292854082,2.956584636028993,-7.5193592042808834
3.051542874887164,2.965382681593706,-7.517631707409782
3.0546070189786176,2.9741819237387555,-7.520140578952347
3.0576310394977515,2.9829950203219817,-7.52674322234346
3.0605771139321627,2.991834446082061,-7.537800557942465
3.063405086923282,3.000712311504706,-7.553403080555202
3.0660749553744373,3.0096389357661963,-7.573315836090746
3.0685470390679876,3.0186222666265987,-7.597569841803346
3.0707823580405753,3.027667334580781,-7.625839729467519
3.0727429414587775,3.0367758071278597,-7.6580965445659235
3.074390696484852,3.0459459279215255,-7.694286488092525
3.0756877943942396,3.055172066043192,-7.7343287049754466
3.076598815551325,3.064444179312202,-7.777755504547517
3.07709126362667,3.0737478029143093,-7.824444895950289
3.077136107186516,3.0830642393998158,-7.8738916840264865
3.076706547106835,3.0923707575906585,-7.926319921424909
3.0757785499824335,3.1016407481962953,-7.981193849452797
3.0743330429775786,3.1108441478850275,-8.038348562681925
3.072354595552617,3.1199477750937072,-8.097609790534941
3.0698318415938144,3.128915735791024,-8.158794814882842
3.0667578489641762,3.137709916808273,-8.221713493130498
3.063130419129377,3.1462905570580264,-8.2861693588707
3.0589523013680195,3.1546168832679315,-8.351960772438753
3.054232610763335,3.1626485784428233,-8.41855574184832
3.0489852916106064,3.170345872148096,-8.48609708326057
3.0432277726266896,3.1776693235382996,-8.554375022259428
3.036982227521141,3.1845812414973267,-8.623179047853721
3.0302752577907723,3.191046354441236,-8.692299055000731
3.023140964818388,3.197036684851551,-8.76034419584828
3.015613544720792,3.202524788707784,-8.829254923323406
3.0077267719937453,3.207482653955691,-8.897889607263911
2.9995195764992983,3.211889923317384,-8.96604999603326
2.991032518214667,3.215730831704826,-9.033543323760663
2.9823070945702925,3.218994349086032,-9.100183243494289
2.9733853541385624,3.2216752671815025,-9.165555128882344
2.9643084930757118,3.2237719944173504,-9.22997070436807
2.955116453338234,3.2252863707560726,-9.293021333370705
2.9458478962870465,3.22622559798415,-9.354554497074153
2.9365393534702724,3.2266008122169287,-9.414427864411172
2.9272247967679155,3.226426694700603,-9.472509812480128
2.917935291071143,3.225721040842971,-9.528679852088139
2.9086983084535647,3.22450731265522,-9.582176638350004
2.899536721252314,3.222815389857937,-9.632615699564614
2.890468607619533,3.220677910840757,-9.679916708639114
2.8815075045686096,3.218128352272416,-9.724018286115836
2.8726626580062686,3.215200503440891,-9.764877507982956
2.8639393386441303,3.2119280176663363,-9.802469191523386
2.8553392052426525,3.208344043146745,-9.836785005448816
2.8468606980907953,3.204480931733445,-9.867832449510685
2.83849944765814,3.2003700210698884,-9.895633745974378
2.830248685710814,3.196041483283755,-9.920224681240805
2.822099648634331,3.191524231954547,-9.941653430943397
2.8140419650790625,3.1868458782975715,-9.959979396439389
2.806064022211655,3.182032727296475,-9.975272075093276
2.79815330673967,3.1771098047579978,-9.987609981389147
2.7902967184391185,3.172100906835809,-9.997079630909772
2.782480855149659,3.1670286643687744,-10.00377459472145
2.774692269128092,3.161914615312841,-10.00779462778624
2.7669176953008936,3.1567792795431107,-10.00924487172342
2.759144252373539,3.1516422313092267,-10.008235129560692
2.751359617984167,3.146522165604161,-10.004879208028008
2.7435521791774,3.1414369556279813,-9.999294321411796
2.7357111594633348,3.1364036993783255,-9.991600549953022
2.7278267236544624,3.131438754169724,-9.981920345182447
2.7198900615715087,3.1265577585708932,-9.970378074382735
2.7118934516036868,3.1217756418521967,-9.957099596492942
2.70383030501932,3.1171066215556036,-9.94221186217188
2.6956951918631247,3.1125641902381753,-9.925842531361422
2.687483849255071,3.1081610927990115,-9.90811960249069
2.6791931729262686,3.1039092960800425,-9.88917104839187
2.6708211928889622,3.0998199526343426,-9.86912445501558
2.662367034236105,3.0959033606831796,-9.848106660098143
2.653830864193681,3.092168922336726,-9.82624339000744
2.645213826696392,3.088625102136069,-9.803658894043275
2.636517965913438,3.0852793878899534,-9.78047557646055
2.6277461403042155,3.082138255634201,-9.75681362739036
2.6189019289222157,3.0792071403422283,-9.732790654631032
2.6099895317986355,3.076490413770485,-9.708521318947856
2.601013666315937,3.0739913705432844,-9.684116976042027
2.591979461518862,3.071712223278876,-9.659685328716623
2.582892352301535,3.069654107244844,-9.635330092976652
2.573757975352393,3.0678170947181687,-9.611150681853482
2.564582068634536,3.066200218925304,-9.587241910649084
2.555370376030992,3.0648015071610257,-9.563693727065266
2.546128558597965,3.063618022440664,-9.540590969334746
2.5368621136516314,3.0626459128357904,-9.518013155024999
2.5275763026741465,3.061880467483323,-9.49603430266545
2.518276088771401,3.061316178144917,-9.474722787777827
2.508966084158109,3.060946805127616,-9.454141234292653
2.4996505078938815,3.0607654463561715,-9.434346441735135
2.4903331538550764,3.0607646084084186,-9.415389347982327
2.481017368708138,3.060936278382429,-9.397315026848911
2.4717060394561794,3.061271995551565,-9.380162719266558
2.462401589965407,3.061762921874177,-9.36396589639297
2.453105985743791,3.062399910551448,-9.34875235262955
2.443820746141816,3.063173571962929,-9.334544326244938
2.434546963073553,3.064074336448267,-9.321358645096732
2.425285325313939,3.06509251353988,-9.309206894812796
2.4160361474125116,3.0662183473801328,-9.298095606732451
2.406799402271737,3.0674420681742642,-9.288026462909402
2.3975747564660357,3.0687539396340964,-9.278996515534727
2.388361607422056,3.0701443024558133,-9.270998418240323
2.3791591216381236,3.071603613946884,-9.264020666881702
2.3699662731877766,3.0731224839725786,-9.258047847564512
2.3607818818258473,3.074691707432056,-9.253060889862702
2.3516046500930377,3.0763022934988453,-9.249037323369679
2.342433198894062,3.0779454918722506,-9.245951535919792
2.3332661011033693,3.079612816286562,-9.243775032009804
2.32410191282972,3.081296065515917,-9.242476690133502
2.314939202045331,3.082987342096203,-9.242023017913379
2.305776574356108,3.084679068963439,-9.242378404068424
2.296612695756033,3.086364004182716,-9.243505366394785
2.2874463122707076,3.088035253914133,-9.245364795055478
2.278276266452099,3.089686283734658,-9.247916190576337
2.2691015107385777,3.091310928407783,-9.251117896028918
2.259921117741326,3.0929034001680575,-9.254927322948008
2.2507342875600944,3.094458295565531,-9.259301170583784
2.2415403522681396,3.095970600896534,-9.264195638128202
2.232338777738012,3.097435696232492,-9.269566629584364
2.2231291630067354,3.098849358047774,-9.275369950968475
2.2139112374008842,3.1002077604409575,-9.281561499548891
2.2046848556592056,3.1015074749411715,-9.28809744483797
2.195449991302841,3.1027454688921443,-9.294934401061735
2.1862067285110163,3.1039191024107655,-9.3020295908418
2.1769552527634195,3.105026123923966,-9.309340999834822
2.16769584050963,3.1060646642969303,-9.316827522088454
2.1584288481210705,3.1070332295766,-9.324449095890003
2.1491547003723928,3.107930692386422,-9.332166829905628
2.1398738786872675,3.108756282020896,-9.339943119434068
2.130586909368633,3.1095095733010374,-9.347741752629702
2.121294352015978,3.1101904742640123,-9.355528006584981
2.1119967883126454,3.1107992127714175,-9.363268733201544
2.1026948113449144,3.1113363221306587,-9.370932434821949
2.0933890155922232,3.1118026258323526,-9.37848932963928
2.084079987704813,3.112199221513395,-9.385911406949022
2.0747682981617857,3.112527464260249,-9.3931724723557
2.0654544938794763,3.1127889493699907,-9.400248183094865
2.056139091817621,3.11298549468779,-9.407116073678345
2.0468225736093344,3.1131191226388326,-9.413755572116218
2.0375053812208215,3.113192042070369,-9.420148007012164
2.028187913628204,3.113206630015759,-9.426276605868951
2.0188705244821397,3.113165413487277,-9.432126484977173
2.0095535207161697,3.113071051398275,-9.437684631292802
2.000237162042061,3.1129263167082817,-9.442939876736983
1.9909216612648728,3.1127340788769873,-9.447882865375007
1.9816071853420845,3.1124972867050564,-9.452506013950094
1.9722938571048076,3.1122189516314958,-9.456803466261757
1.962981757554834,3.111902131549105,-9.460771041888245
1.953670928648895,3.111549915191485,-9.464406179757901
1.9443613764809113,3.1111654071373316,-9.46770787707569
1.9350530747740406,3.11075171347039,-9.47067662410886
1.925745968596791,3.110311928126564,-9.473314335330123
1.9164399782212114,3.10984911995336,-9.475624277408151
1.9071350030459737,3.109366320501047,-9.477610994524147
1.8978309255128738,3.108866512559732,-9.47928023147992
1.8885276149516814,3.108352619451899,-9.480638855047905
1.8792249312952194,3.1078274950858553,-9.481694773996914
1.8699227286138504,3.1072939147718976,-9.482456858209865
1.860620858426061,3.1067545667998893,-9.48293485729109
1.8513191727493963,3.1062120447740895,-9.483139319041715
1.8420175268634944,3.105668840698712,-9.483081508162076
1.8327157817642676,3.10512733880557,-9.482773325520307
1.8234138062952874,3.1045898101129836,-9.48222722830646
1.8141114789490485,3.104058407703901,-9.481456151371578
1.8048086893369528,3.1035351627090026,-9.480473430031575
1.7955053393325016,3.1030219809794923,-9.479292724596114
1.7862013438972546,3.1025206404326386,-9.477927946863442
1.7768966316036061,3.102032789051835,-9.476393188802987
1.7675911448722752,3.1015599435215933,-9.474702653628738
1.7582848399456417,3.1011034884765634,-9.472870589447819
1.7489776866206574,3.100664676342417,-9.470911225650344
1.7396696677670411,3.100244627745133,-9.468838712188578
1.7303607786578457,3.0998443324640474,-9.46666706187561
1.7210510261403,3.0994646509028083,-9.464410095816175
1.7117404276751016,3.0991063160513206,-9.462081392065013
1.7024290102721105,3.098769935910669,-9.459694237591105
1.6931168093497302,3.098455996352118,-9.457261583609505
1.6838038675441842,3.09816486438042,-9.454796004326068
1.6744902334934744,3.0978967917709634,-9.452309659124461
1.6651759606190895,3.097651919049732,-9.44981425820923
1.655861105926571,3.097430279784592,-9.447321031703638
1.646545728843891,3.097231805156192,-9.444840702186362
1.6372298901143085,3.097056328776617,-9.442383460637092
1.627913650758003,3.0969035917240295,-9.439958945747666
1.6185970711143625,3.0967732477617322,-9.437576226542541
1.6092802099744046,3.0966648687104783,-9.435243788240383
1.599963123810444,3.0965779499434127,-9.43296952127713
1.5906458661078449,3.096511915973693,-9.430760713400417
1.5813284868015325,3.096466126105703,-9.428624044735423
1.5720110318179163,3.0964398801217055,-9.426565585713341
1.5626935427210225,3.096432423976868,-9.42459079774563
1.5533760564599548,3.096442955476782,-9.422704536520026
1.5440586052133272,3.096470629912842,-9.420911057788006
1.5347412163250291,3.096514565632207,-9.419214025508005
1.525423912324619,3.0965738495204516,-9.417616522204183
1.5161067110247763,3.0966475423764734,-9.416121061396808
1.5067896256875897,3.0967346841606798,-9.414729601957596
1.4974726652509915,3.096834299098986,-9.413443564241248
1.4881558346063857,3.0969454006266535,-9.412263847843297
1.4788391349184133,3.0970669961574977,-9.411190850833869
1.4695225639778748,3.097198091665483,-9.410224490317237
1.4602061165790345,3.097337696067193,-9.409364224168016
1.4508897849128857,3.09748482539511,-9.4086090737964
1.4415735589684082,3.0976385067530288,-9.407957647797057
1.432257426934405,3.0977977820463245,-9.40740816633899
1.4229413755951377,3.097961711481112,-9.406958486157004
1.4136253907136698,3.098129376827611,-9.406606126009018
1.4043094573975652,3.098299884444266,-9.40634829246774
1.3949935604423453,3.098472368060378,-9.406181905919606
1.3856776846488885,3.0986459913161326,-9.406103626648866
1.3763618151117214,3.0988199500598057,-9.40610988088981
1.3670459374758994,3.0989934744039545,-9.406196886735495
1.357730038160941,3.099165830540649,-9.406360679797384
1.3484141045509,3.099336322321058,-9.406597138515226
1.339098125150382,3.0995042926014236,-9.406902009023716
1.329782089706863,3.0996691243606094,-9.407270929487723
1.3204659893002109,3.099830241594457,-9.407699453824446
1.3111498164007944,3.099987109993002,-9.408183074737071
1.3018335648979682,3.100139237407216,-9.408717245990848
1.2925172301010668,3.100286174112547,-9.409297403868822
1.2832008087153202,3.1004275128771095,-9.409918987750771
1.2738842987953196,3.1005628888428003,-9.4105774597652
1.2645676996788089,3.100691979228113,-9.411268323470404
1.2552510119036686,3.1008145028617733,-9.41198714152678
1.2459342371109965,3.100930219556652,-9.412729552328566
1.2366173779371679,3.101038929333688,-9.413491285569066
1.2273004378976946,3.1011404715057775,-9.41426817671918
1.2179834212655969,3.1012347236317837,-9.415056180404621
1.2086663329468534,3.1013216003508877,-9.41585138267262
1.199349178355326,3.101401052107631,-9.416650012144116
1.190031963289352,3.101473063778,-9.417448450052412
1.1807146938119772,3.1015376532068775,-9.418243239174096
1.171397376136571,3.101594869667144,-9.419031091662522
1.1620800165193166,3.101644792250587,-9.419808895798479
1.1527626007963832,3.101682566586189,-9.421638741260901
1.1434451217929997,3.101696475273851,-9.42493167801349
1.134127672325818,3.101671290943054,-9.430030072567897
1.1248105465467677,3.1015905620554944,-9.436854555125679
1.1154943378978004,3.10143759816696,-9.445536643254506
1.1061800933016182,3.1011933210547684,-9.456459629646426
1.096869514576219,3.1008362090232158,-9.469769735133317
1.0875650857289465,3.1003447426758113,-9.485329482236489
1.0782703206248176,3.0996961859908403,-9.503553723984638
1.0689901101944776,3.0988654114353165,-9.524568381891836
1.0597309536525452,3.0978263882543473,-9.548484048791922
1.0505010268735848,3.0965539774268573,-9.575059087927086
1.0413105701649061,3.095022691241498,-9.604697509355526
1.0321720826295913,3.093207163072283,-9.63708799699572
1.0231001787722234,3.0910841210603976,-9.672241347011928
1.0141119309285898,3.08863122552824,-9.710140755427515
1.0052264153101442,3.0858291572474097,-9.750377848788055
0.9964650707204515,3.082660367975531,-9.793259350519246
0.9878515616710748,3.0791095290408803,-9.838324487125929
0.9794109318642972,3.075165498771611,-9.885471962570529
0.9711698884763885,3.07081999030722,-9.93458181703157
0.9631564970992434,3.0660678878620238,-9.985516984633794
0.9553989215356739,3.0609088234060295,-10.037784139464977
0.9479257834567353,3.0553458246980876,-10.091585802197082
0.9407657262673699,3.049385328400533,-10.14642119867453
0.933946972251362,3.043037292242397,-10.202460711736787
0.927496875347227,3.0363150424462857,-10.259207512116646
0.9214403784710322,3.0292361452335403,-10.316502559443816
0.9158006288479311,3.021820968734889,-10.374184606680693
0.9105997268101127,3.0140916861599107,-10.432376351532277
0.9058573185412483,3.0060729131401445,-10.490608708986324
0.9015891338680264,2.9977919797225234,-10.548720164759224
0.8978089922253961,2.9892771803090166,-10.606806373850905
0.8945275417141876,2.98055802067532,-10.664435836894533
0.8917510248916782,2.971665151533322,-10.721456249052276
0.8894834182161515,2.9626290814375804,-10.777946147473202
0.8877254025885679,2.9534801619959827,-10.83351929704222
0.8864734103194221,2.944248331235764,-10.888040204935947
0.8857217953098159,2.934962318849194,-10.941579388747996
0.885462045282146,2.925649505655841,-10.993800280349543
0.8856820881315968,2.916335612420038,-11.044589962363457
0.8863636545577878,2.9070439925704252,-11.093001956022196
0.8874821861140751,2.897794702136983,-11.138841032936437
0.8890111819714361,2.888604252269092,-11.182023487792579
0.8909230955025669,2.879485676067961,-11.222481860960869
0.8931897479474495,2.8704486577038955,-11.260164668861066
0.8957826955447044,2.8614997185141022,-11.295035954173375
0.8986735460369993,2.852642447808778,-11.327074685966707
0.9018342231897134,2.843877766484346,-11.35627404032159
0.9052371802886454,2.835204212397828,-11.382640591234498
0.9088555654486031,2.8266182376444084,-11.406193439752705
0.9126633429574653,2.818114509260124,-11.426963306667476
0.9166353758211365,2.8096862063210577,-11.444991610945237
0.9207474752089596,2.801325307831694,-11.46032955263672
0.924976422686124,2.7930228671160773,-11.473037215475665
0.9292999710250045,2.7847692695989688,-11.483182700927674
0.9336968290764363,2.7765544718648236,-11.490841302203545
0.9381466357151893,2.7683682207025697,-11.496094723801326
0.9426299273043566,2.7602002514899984,-11.499030349546075
0.9471281024953377,2.7520404657587134,-11.49974055988731
0.9516233875290725,2.7438790881306705,-11.498322097400639
0.9560988045573549,2.735706803054895,-11.49487547801433
0.9605381448807304,2.7275148719231703,-11.489504444423666
0.9649259484156822,2.7192952312302703,-11.482315457437098
0.9692474901684702,2.7110405724892948,-11.473417220585029
0.9734887740121972,2.7027444046343896,-11.462920233177368
0.9776365336413239,2.69440109965653,-11.450936367082093
0.9816782402160262,2.6860059222345183,-11.437578462775964
0.9856021159084176,2.6775550441506284,-11.422959940652882
0.9893971523237963,2.6690455443228838,-11.407194424129575
0.9930531325920863,2.6604753953451326,-11.39039537172784
0.9965606558061619,2.651843437500727,-11.372675716005295
0.9999111624226857,2.64314934130232,-11.354147507922246
1.003096959234492,2.6343935597041126,-11.334921565942985
1.0061112425675136,2.6255772712277747,-11.315107129850572
1.0089481184448628,2.616702315332554,-11.294811519882652
1.011602618590028,2.607771121437233,-11.274139802353325
1.0140707113033909,2.5987866330603713,-11.253194463397381
1.0163493064337912,2.589752228580431,-11.232075092846857
1.0184362538715128,2.5806716401248955,-11.210878080518858
1.0203303352024418,2.5715488720747537,-11.189696327354651
1.0220312483769363,2.562388120616778,-11.16861897390416
1.0235395854532627,2.553193695691543,-11.147731148602075
1.0248568036671486,2.5439699465722736,-11.127113738139908
1.025985190249999,2.5347211921719293,-11.10684318201379
1.0269278215637976,2.525451657018085,-11.086991293034078
1.0276885172372456,2.516165413662544,-11.067625105234974
1.0282717900733938,2.506866332111097,-11.048806750236457
1.0286827925534168,2.4975580366743793,-11.030593362702978
1.0289272607851994,2.488243870459124,-11.01303701512912
1.029011456741137,2.478926867545489,-10.996184681776366
1.0289421096001132,2.4696097327351265,-10.980078231199915
1.0287263569577907,2.460294828609885,-10.96475444645094
1.02837168660144,2.4509841695152383,-10.950245071726291
1.0278858794650128,2.4416794219774434,-10.936576883970577
1.0272769542914888,2.4323819109798506,-10.92377178771824
1.026553114436944,2.423092631461695,-10.911846931297609
1.0257226971580773,2.413812264361271,-10.900814842403932
1.0247941256354673,2.404541196503304,-10.890683580982062
1.0237758639012684,2.395279543625715,-10.881456907337876
1.0226763747645262,2.386027175851772,-10.87313446341585
1.0215040807612517,2.3767837449374696,-10.865711965232908
1.0202673281006998,2.367548712658648,-10.859181404539633
1.0189743535343263,2.358321379745528,-10.853531257883105
1.0176332540394661,2.349100914821884,-10.848746701364956
1.0162519591854149,2.339886382860074,-10.84480982951798
1.0148382060344547,2.3306767727198716,-10.8416998768598
1.0133995164233962,2.321471023396992,-10.839393440817867
1.0119431764712434,2.31226804866517,-10.837864704852922
1.0104762181643316,2.303066759852542,-10.83708566073454
1.0090054028804616,2.293866086548178,-10.837026329040452
1.0075372067268482,2.2846649950871725,-10.83765497705905
1.0060778075822965,2.2754625047122907,-10.838938333371035
1.0046330737498606,2.2662577013564658,-10.840841798470978
1.0032085541429678,2.257049749033076,-10.843329650862996
1.0018094699431543,2.2478378988598418,-10.846365248126988
1.0004407076816575,2.2386214957771835,-10.849911222504149
0.9991068137091053,2.229399983052906,-10.853929670593763
0.9978119900272744,2.2201729046921375,-10.858382336788939
0.9965600914640997,2.21093990589447,-10.863230790108416
0.9953546241777189,2.2017007317193387,-10.868436594106313
0.9941987454774266,2.1924552241358226,-10.87396146956314
0.9930952649490594,2.1832033176443613,-10.87976744968086
0.9920466468698208,2.173945033665479,-10.885817027523526
0.9910550138931382,2.1646804738946073,-10.892073295464012
0.9901221519781729,2.1554098128226915,-10.898500076417605
0.9892495165314452,2.1461332896196654,-10.905062046665215
0.9884382397200606,2.136851199572314,-10.911724850093336
0.9876891389076201,2.1275638852598013,-10.918455203704811
0.987002726155414,2.1182717276395198,-10.925220994284045
0.98637921872328,2.108975137203237,-10.931991366132454
0.9858185504968418,2.099674545349152,-10.938736799824465
0.9853203842609761,2.090370396099737,-10.945429181970814
0.9848841247335185,2.0810631382785445,-10.952041866013847
0.9845089322685114,2.0717532182418332,-10.958549724118447
0.9841937371348677,2.062441073243279,-10.964929190261504
0.9839372542741942,2.053127125492498,-10.971158294661882
0.9837379984406887,2.043811776950968,-10.977216689731085
0.9835942996264728,2.034495404892437,-10.98308566776166
0.9835043186773544,2.02517835823932,-10.98874817060526
0.9834660630067313,2.0158609546721067,-10.99418879162485
0.9834774023190218,2.0065434784956353,-10.999393770235246
0.9835360842585017,1.997226179234314,-11.004350979372857
0.9836397499045633,1.9879092709181345,-11.009049906258783
0.9837859490400831,1.9785929320126499,-11.013481626839257
0.9839721551255751,1.9692773059390016,-11.017638774303697
